#{"t_start": 1639441335.2096946, "env_id": null}
r,l,t
-5,688,1.012044
-5,479,1.678116
-5,483,2.294944
-5,457,5.538156
-5,839,6.8262
-5,573,7.405795
-5,689,9.939702
-5,453,10.403532
-4,934,11.387321
-5,428,11.82317
-5,812,14.635042
-5,686,15.395893
-5,407,15.837079
-5,484,18.274256
-5,643,18.920097
-5,1002,19.944827
-5,870,22.678369
-5,582,23.270056
-5,498,23.7768
-5,715,26.444103
-5,481,27.118477
-5,695,27.944339
-5,683,31.038543
-5,495,31.874238
-5,426,32.52613
-5,678,33.563097
-5,442,39.609512
-4,539,40.46107
-4,500,41.024998
-5,663,41.948787
-5,518,46.785267
-5,718,47.572001
-5,683,48.301564
-5,679,53.205168
-5,538,53.799197
-5,791,54.67156
-4,885,57.382576
-5,487,57.884593
-4,556,58.470615
-4,753,61.084217
-4,851,61.943532
-5,613,62.553709
-4,678,64.998055
-4,829,65.888183
-5,478,66.391364
-5,439,68.567849
-5,706,69.27142
-3,864,70.136289
-5,466,72.347637
-5,574,72.953897
-5,948,73.93901
-5,791,76.574129
-5,589,77.205214
-5,500,77.705622
-5,738,81.137779
-5,624,81.908919
-5,666,82.624972
-5,566,83.303075
-4,613,86.542425
-5,662,87.207167
-5,597,87.867869
-5,597,90.580544
-5,509,91.149532
-5,630,91.804549
-5,574,94.262065
-4,760,95.050086
-5,501,95.588037
-5,446,96.053668
-5,456,98.79809
-5,570,99.474328
-5,553,100.068701
-5,548,100.901213
-4,887,104.352777
-5,775,105.301705
-4,804,108.611638
-5,600,109.312318
-5,559,109.965789
-5,569,110.616023
-5,750,113.554679
-4,878,114.555769
-5,544,117.298102
-5,716,118.115935
-4,551,118.72542
-5,724,119.536041
-5,585,122.216363
-3,773,123.094864
-5,496,123.650585
-5,568,127.325088
-4,832,128.895921
-4,548,129.608625
-5,521,132.281194
-5,594,133.136951
-5,736,134.19736
-5,467,134.876841
-5,540,138.152341
-5,657,139.562058
-5,620,140.262175
-4,491,143.705223
-5,637,144.676582
-5,651,145.755756
-5,476,146.418272
-5,654,149.146635
-5,614,149.860112
-5,673,150.56489
-4,794,153.760708
-5,604,154.632099
-4,743,155.582375
-5,515,158.805537
-5,868,159.987911
-5,556,160.674115
-3,948,164.646138
-5,503,165.231795
-4,683,166.113836
-5,581,169.458663
-5,686,170.290157
-5,695,171.413979
-5,619,178.963979
-5,551,180.153817
-4,672,181.88079
-4,763,188.142943
-5,648,189.29236
-5,733,190.560146
-4,854,195.947684
-5,531,197.272558
-5,666,198.562001
-5,363,204.669002
-4,957,207.967672
-5,759,209.940681
-5,526,214.997412
-5,756,216.451028
-5,448,217.324461
-5,512,218.222747
-5,586,223.000452
-5,812,224.401475
-5,518,224.961055
-5,469,230.07319
-5,697,231.133914
-5,827,232.969795
-5,489,236.15126
-5,730,237.610358
-5,458,238.785168
-5,849,246.438422
-5,627,247.916543
-4,761,249.948633
-5,513,255.190288
-4,590,256.103171
-5,674,257.808687
-5,489,258.796581
-5,490,264.986289
-5,506,265.695852
-5,454,266.174114
-5,609,266.830163
-5,483,269.374329
-5,487,269.898779
-5,570,270.725007
-5,487,271.343565
-5,492,276.577279
-5,612,277.547623
-5,441,278.506916
-5,441,279.735572
-5,626,280.267826
-5,560,280.734377
-5,640,281.404788
-5,587,281.871949
-5,610,282.363604
-5,861,283.063542
-5,623,283.583004
-5,446,284.143022
-5,477,284.75695
-5,576,285.254821
-4,775,286.023041
-5,528,286.598968
-5,454,287.024685
-5,738,287.911195
-5,648,288.5926
-5,444,288.965975
-5,641,289.555958
-3,978,290.587364
-5,549,291.067172
-5,644,291.731318
-5,704,292.459149
-5,774,293.11544
-5,588,293.593218
-5,564,294.046721
-5,875,294.862431
-5,517,295.27791
-5,443,295.637467
-5,608,296.307815
-5,735,297.049753
-5,631,297.729685
-5,574,298.394844
-5,642,298.956509
-4,805,299.775788
-5,758,300.435046
-5,733,301.029666
-5,477,301.474712
-5,587,301.994617
-5,630,302.621468
-5,765,303.349082
-5,855,304.163902
-5,502,304.574285
-5,596,305.206643
-5,525,305.89501
-5,573,306.43226
-5,400,306.808003
-5,552,307.256564
-3,908,308.047294
-5,514,308.498191
-4,1173,309.440455
-5,649,309.960532
-5,838,310.684192
-5,569,311.141132
-4,847,311.838419
-5,657,312.379544
-5,698,312.940459
-5,822,313.703779
-5,633,314.209775
-5,619,314.742128
-5,915,315.762533
-5,608,316.351188
-5,816,317.168293
-5,627,318.024687
-4,984,319.539428
-5,548,320.230811
-5,709,321.02316
-5,447,321.640416
-5,508,322.054516
-5,478,322.657999
-4,795,324.024759
-5,534,324.859404
-4,653,325.906803
-5,645,326.64397
-5,689,327.296227
-5,426,327.672138
-4,703,328.389118
-5,727,329.078818
-5,666,329.644859
-5,400,330.005028
-4,809,330.755241
-5,741,331.360815
-5,499,331.821012
-5,586,332.359016
-5,985,333.156892
-5,636,333.674658
-4,795,334.605996
-5,588,335.128837
-5,633,335.866538
-5,904,336.879918
-5,538,337.500982
-5,639,338.131327
-5,645,338.704772
-5,700,339.37613
-5,442,339.796254
-5,614,340.334786
-5,674,340.984778
-3,651,341.567429
-4,683,342.167162
-5,458,342.575023
-4,564,343.067123
-5,410,353.350286
-5,576,364.371817
-5,735,378.156625
-5,549,389.028484
-5,639,402.828295
-5,673,415.465257
-5,632,427.806368
-4,897,446.062464
-5,542,456.114543
-5,639,468.296491
-4,823,489.129551
-5,538,499.397152
-5,528,509.947636
-4,643,526.287129
-5,425,534.737092
-5,569,550.886262
-5,926,573.450817
-5,556,585.716011
-5,507,598.635874
-4,807,626.796165
-5,860,648.598978
-5,576,660.892306
-5,736,678.885278
-5,492,690.184888
-5,661,709.06277
-5,556,721.513087
-5,824,742.744237
-5,584,753.889404
-5,779,768.677969
-5,598,782.049938
-5,734,797.582494
-5,789,813.166432
-3,913,831.089948
-5,635,844.01857
-5,450,851.613121
-5,650,864.747596
-5,501,873.694632
-5,597,884.463273
-5,533,896.402902
-5,510,907.334156
-5,642,921.054032
-5,579,933.706626
-5,700,951.209402
-5,525,966.370121
-5,645,982.965107
-5,844,1003.41533
-5,515,1014.089488
-5,631,1027.027433
-5,508,1039.044438
-5,491,1048.857194
-5,674,1061.136019
-5,474,1069.948126
-5,680,1084.783852
-5,670,1096.632041
-5,531,1107.016398
-5,576,1118.515547
-4,776,1131.736354
-4,898,1148.879533
-5,693,1163.594368
-5,771,1177.64693
-5,671,1189.397939
-4,695,1203.872121
-5,826,1218.939476
-5,581,1230.659509
-5,638,1243.672326
-5,546,1253.717007
-5,641,1265.474545
-5,407,1274.734819
-5,616,1285.725416
-5,560,1295.66878
-5,484,1305.235423
-5,616,1317.514636
-5,572,1327.931509
-5,638,1338.938131
-4,872,1356.583804
-5,810,1372.331652
-4,643,1384.76725
-5,738,1399.990425
-5,546,1410.518314
-5,578,1421.978193
-4,649,1435.194296
-5,660,1447.42812
-5,668,1460.412919
-5,594,1472.899973
-5,695,1485.617634
-5,673,1497.903495
-5,637,1512.634198
-4,914,1529.304235
-5,454,1537.970167
-5,594,1548.704183
-5,594,1560.617574
-5,406,1568.810295
-4,936,1586.326778
-5,867,1604.458572
-4,818,1619.865619
-5,740,1636.535284
-5,622,1648.347818
-5,611,1661.356085
-5,721,1677.922854
-5,757,1694.158959
-5,657,1708.610827
-5,585,1721.392638
-5,493,1730.587887
-5,620,1742.068239
-5,651,1753.508559
-5,464,1764.041698
-5,640,1775.100757
-5,848,1790.195447
-4,798,1808.645726
-4,636,1820.634533
-5,553,1830.909242
-4,779,1849.180213
-5,561,1859.85838
-5,636,1872.137918
-5,777,1887.118896
-5,831,1903.076686
-5,750,1917.20525
-5,507,1928.317892
-5,710,1941.471231
-5,583,1953.827416
-4,683,1968.80587
-5,598,1985.026362
-5,606,1996.253612
-5,404,2003.801323
-5,583,2019.567324
-5,574,2031.251146
-5,543,2043.322574
-5,526,2054.336493
-5,536,2063.445364
-5,496,2073.467909
-5,541,2082.239799
-5,537,2093.390957
-5,568,2105.33456
-5,572,2115.39464
-5,630,2127.314544
-5,697,2142.010285
-5,627,2154.974182
-5,801,2171.059147
-5,771,2187.086548
-5,601,2198.521288
-5,859,2215.216344
-5,596,2226.28093
-5,642,2238.983109
-4,620,2250.909182
-4,821,2268.249237
-5,707,2282.01094
-5,808,2298.835877
-5,522,2308.703887
-5,389,2315.545625
-5,486,2324.25828
-5,688,2339.547733
-5,629,2350.906311
-4,675,2364.200666
-5,799,2380.781946
-5,517,2390.630824
-5,528,2399.988595
-5,658,2401.294717
-5,507,2401.692748
-5,1158,2402.630189
-4,559,2403.10421
-5,587,2403.600577
-5,713,2404.172386
-5,480,2404.552834
-5,730,2405.181005
-5,776,2405.800809
-5,565,2406.277684
-5,575,2406.746686
-5,464,2407.12912
-5,706,2407.707856
-5,678,2408.274565
-5,699,2408.875915
-5,700,2409.668916
-5,601,2410.289118
-5,511,2410.88644
-5,606,2411.556519
-5,637,2412.09195
-5,457,2412.449287
-5,554,2412.904976
-5,768,2413.528594
-4,824,2414.193363
-5,636,2414.712764
-5,604,2415.195806
-5,461,2415.558843
-5,603,2416.036698
-5,707,2416.579125
-5,752,2417.1472
-5,828,2417.792993
-5,820,2418.478034
-4,612,2419.026124
-5,657,2419.55765
-5,388,2419.905152
-5,755,2420.495163
-5,604,2420.95521
-5,521,2421.350186
-5,525,2421.759093
-4,935,2422.469844
-4,733,2423.032898
-5,780,2423.637863
-5,864,2424.296807
-5,514,2424.696421
-5,445,2425.036873
-5,655,2425.547371
-5,562,2425.984109
-5,490,2426.364768
-5,615,2426.828272
-5,498,2427.199774
-5,613,2427.665792
-3,608,2428.131244
-5,422,2428.457726
-5,465,2428.811823
-5,660,2429.321049
-5,647,2429.83535
-4,791,2430.450276
-4,600,2430.901479
-5,521,2431.305617
-5,561,2431.750186
-5,456,2432.09338
-5,692,2432.646614
-5,747,2433.222213
-5,738,2433.845042
-5,873,2434.585359
-5,557,2435.003178
-5,517,2435.395952
-5,619,2435.874748
-5,462,2436.230754
-5,679,2436.754863
-5,497,2437.138958
-5,565,2437.580854
-5,509,2437.979985
-5,511,2438.376962
-5,542,2438.794799
-5,647,2439.294783
-5,646,2439.785849
-5,476,2440.144659
-5,582,2440.594821
-5,931,2441.376531
-5,532,2441.838905
-5,768,2442.424706
-5,910,2443.136366
-5,531,2443.592028
-5,630,2444.082962
-5,678,2444.611284
-5,538,2445.020977
-5,501,2445.410706
-5,727,2445.978667
-5,557,2446.404313
-5,720,2446.945044
-5,525,2447.340394
-5,641,2447.83992
-5,913,2448.538429
-5,721,2449.095223
-5,499,2449.483484
-5,599,2449.948503
-5,804,2450.572616
-5,538,2450.985956
-5,383,2451.283325
-5,452,2461.209291
-5,872,2480.493039
-5,531,2491.232423
-5,497,2500.966136
-4,894,2518.231668
-5,470,2526.720054
-4,601,2537.385344
-4,653,2551.261118
-5,651,2563.323908
-5,554,2573.366041
-4,589,2584.983892
-5,460,2597.038244
-4,640,2607.71969
-5,716,2620.331226
-5,478,2631.382182
-5,401,2639.060888
-5,832,2654.134154
-5,925,2671.908145
-5,556,2681.978407
-4,527,2691.429334
-5,568,2701.606861
-5,522,2712.694085
-4,1013,2731.029092
-5,575,2742.598662
-4,906,2759.888235
-5,534,2770.195049
-4,577,2781.396712
-5,716,2795.8602
-5,469,2803.590468
-5,572,2814.424449
-5,428,2824.547925
-5,554,2835.326347
-5,667,2848.074655
-5,659,2861.110762
-5,476,2869.761453
-5,766,2884.635002
-4,597,2895.528444
-5,594,2907.63521
-5,471,2916.65917
-5,543,2926.466165
-5,926,2944.731125
-5,610,2955.233433
-3,833,2971.145936
-5,621,2982.782381
-5,606,2993.927279
-5,615,3005.893399
-5,662,3019.834813
-5,646,3030.637743
-5,574,3040.978119
-5,613,3051.260689
-4,839,3069.450493
-5,565,3079.388237
-4,770,3093.436904
-5,719,3107.408289
-5,703,3120.286564
-5,568,3130.590676
-5,406,3139.509203
-5,504,3148.687189
-4,652,3160.358423
-5,652,3174.460338
-5,725,3188.409441
-5,829,3204.278835
-5,648,3218.50076
-5,925,3234.269668
-5,600,3245.791493
-3,733,3261.529796
-5,523,3271.00703
-5,793,3285.763608
-5,501,3295.932683
-5,701,3310.662226
-5,574,3322.264116
-5,617,3334.000509
-5,582,3346.031744
-5,629,3357.951168
-5,415,3365.433307
-5,761,3380.135546
-5,715,3393.313717
-4,622,3404.448844
-5,619,3417.145667
-4,796,3431.807653
-4,992,3450.2777
-5,494,3460.43055
-5,431,3467.616001
-5,478,3477.14731
-4,890,3495.68035
-4,709,3508.545106
-5,397,3517.510632
-5,629,3528.363111
-5,1116,3551.024867
-5,660,3563.413657
-4,733,3577.695937
-5,511,3586.863778
-5,455,3595.047247
-5,661,3606.964849
-5,865,3625.132599
-5,588,3635.231554
-4,640,3648.509798
-5,544,3657.8642
-5,439,3666.576014
-2,980,3683.949011
-5,680,3697.405
-5,608,3709.571733
-5,765,3722.651494
-5,639,3735.567297
-5,491,3744.897092
-5,514,3754.200538
-5,492,3764.478265
-5,613,3775.836554
-5,468,3785.37337
-5,838,3799.39204
-5,552,3811.336834
-4,813,3826.7109
-5,574,3837.639081
-5,367,3844.755413
-5,583,3855.356125
-5,450,3863.622446
-5,519,3873.651079
-5,632,3887.558555
-5,676,3900.121244
-5,691,3912.700479
-5,479,3921.675555
-5,667,3933.467049
-4,661,3944.782296
-4,702,3958.416362
-5,415,3965.743038
-5,518,3974.886403
-4,649,3985.644732
-5,704,4000.079958
-4,649,4011.016113
-5,536,4020.04631
-5,511,4029.073308
-5,509,4039.29611
-5,489,4049.54584
-5,466,4058.468603
-5,802,4073.315809
-5,641,4085.01734
-5,448,4091.458714
-5,613,4103.291878
-5,690,4118.134525
-5,677,4129.548764
-4,601,4139.811162
-5,469,4150.139805
-4,621,4160.632441
-5,620,4171.362479
-5,743,4185.779172
-4,984,4202.732325
-5,748,4216.120639
-5,586,4227.887978
-5,650,4239.171721
-4,882,4255.068079
-5,719,4269.906737
-5,674,4281.08371
-5,646,4291.448526
-5,681,4305.369328
-5,540,4314.788805
-5,888,4329.875125
-5,592,4343.283046
-4,731,4352.37642
-5,796,4352.984621
-5,556,4353.402369
-5,463,4353.759413
-5,561,4354.181979
-5,580,4354.622243
-5,663,4355.131416
-5,489,4355.499777
-4,749,4356.067794
-5,797,4356.681045
-5,510,4357.063856
-4,806,4357.700002
-5,486,4358.067895
-5,471,4358.420299
-5,485,4358.79428
-5,739,4359.34349
-5,714,4359.894328
-5,441,4360.228023
-5,572,4360.666251
-5,726,4361.222032
-5,574,4361.665078
-5,654,4362.16767
-5,757,4362.743665
-5,516,4363.13392
-5,691,4363.678641
-5,727,4364.220802
-5,702,4364.755854
-5,577,4365.196697
-5,829,4365.831474
-3,948,4366.556911
-4,787,4367.159565
-5,421,4367.48826
-5,734,4368.039902
-5,578,4368.481003
-5,747,4369.050336
-5,626,4369.53183
-4,671,4370.035152
-5,594,4370.483718
-5,593,4370.932907
-5,654,4371.423939
-4,621,4371.89996
-5,815,4372.528936
-5,455,4372.871116
-5,772,4373.454435
-5,658,4373.950198
-5,519,4374.335844
-5,521,4374.734365
-5,687,4375.249126
-5,514,4375.642659
-5,628,4376.109364
-5,512,4376.50298
-5,488,4376.871853
-5,478,4377.234267
-4,753,4377.814952
-4,751,4378.38458
-5,632,4378.872869
-5,762,4379.453668
-5,1075,4380.254026
-5,746,4380.820303
-5,422,4381.137537
-5,804,4381.753888
-5,671,4382.260424
-5,702,4382.804925
-5,613,4383.268962
-5,563,4383.697901
-5,643,4384.181967
-4,712,4384.72188
-5,591,4385.162641
-5,501,4385.547171
-5,801,4386.15176
-5,461,4386.508095
-4,746,4387.065417
-5,692,4387.586836
-5,494,4387.965966
-5,448,4388.305413
-5,473,4388.672761
-5,522,4389.067262
-5,663,4389.569694
-5,441,4389.906226
-5,786,4390.499475
-5,535,4390.897564
-5,606,4391.347003
-5,695,4391.884582
-5,556,4392.309464
-5,542,4392.723721
-4,584,4393.174128
-3,820,4393.798278
-5,554,4394.216344
-5,600,4394.671054
-5,754,4395.23368
-5,517,4395.634929
-5,684,4396.16384
-4,697,4396.697298
-5,689,4397.214442
-5,799,4397.816455
-5,597,4398.266621
-5,430,4398.597568
-5,748,4399.16755
-5,719,4399.732562
-5,743,4400.296335
-5,702,4412.266658
-5,553,4422.735456
-4,726,4438.385513
-4,1055,4458.693163
-4,491,4470.283726
-5,576,4480.998117
-5,541,4490.959942
-5,630,4505.868247
-5,712,4518.339957
-5,523,4527.337923
-5,484,4535.53452
-3,866,4553.809713
-5,657,4564.908769
-5,578,4574.95623
-5,591,4586.316666
-5,543,4596.924012
-5,607,4607.880009
-5,610,4620.129295
-5,477,4628.189274
-5,721,4641.709107
-5,536,4652.10922
-5,434,4661.893897
-5,378,4668.582425
-5,734,4681.438304
-5,445,4690.767002
-5,662,4702.554406
-5,760,4715.820382
-5,604,4726.140501
-5,705,4740.750446
-5,474,4749.198336
-5,906,4768.372302
-5,518,4778.463541
-5,744,4792.36202
-4,631,4803.559325
-5,644,4817.329844
-5,499,4826.878736
-5,526,4836.680743
-5,862,4854.027546
-5,524,4863.352319
-5,557,4874.333122
-4,766,4888.443223
-4,817,4906.021258
-5,663,4918.378904
-5,493,4927.268285
-5,791,4942.961723
-4,785,4958.406079
-5,560,4969.73859
-5,524,4981.282008
-5,636,4994.261446
-5,620,5004.684486
-5,470,5013.903029
-5,705,5027.141113
-5,462,5035.396012
-5,784,5051.202614
-5,555,5061.954981
-5,770,5076.878589
-5,635,5087.804786
-4,918,5107.23092
-5,629,5118.388223
-5,620,5131.556677
-5,485,5139.972115
-5,657,5152.078397
-4,1113,5173.162956
-5,417,5180.185946
-5,689,5193.683614
-5,664,5205.928695
-5,676,5221.117707
-5,487,5230.130466
-4,747,5243.595997
-5,422,5254.793114
-2,935,5271.954632
-5,926,5290.098445
-5,608,5300.962406
-5,480,5308.606869
-5,550,5318.834902
-5,547,5329.475594
-4,594,5339.558382
-5,453,5348.166384
-5,623,5358.885996
-5,635,5371.813843
-5,864,5387.980068
-5,555,5397.837578
-5,914,5416.825389
-5,669,5428.767281
-5,562,5439.448269
-5,608,5451.89011
-5,669,5465.388281
-5,548,5474.794887
-5,676,5489.673859
-5,605,5500.895732
-5,595,5512.027091
-5,444,5521.872974
-5,673,5534.02958
-5,575,5544.237976
-5,553,5554.308969
-4,803,5570.449987
-5,611,5581.817102
-5,681,5595.033601
-5,698,5609.252889
-5,771,5623.074145
-5,575,5633.218469
-4,727,5648.510977
-5,725,5661.851658
-4,732,5675.249327
-5,611,5688.094179
-5,694,5700.786945
-5,561,5710.900315
-4,850,5727.719594
-5,657,5740.454818
-5,534,5749.83272
-5,518,5760.155816
-5,714,5774.290753
-5,688,5787.158337
-5,796,5802.864541
-5,844,5819.737782
-5,541,5829.760478
-5,397,5837.693332
-5,524,5848.263523
-5,951,5866.727648
-5,637,5879.283405
-5,653,5890.89993
-5,441,5899.681732
-5,607,5910.703745
-5,781,5927.495939
-5,719,5940.304272
-5,542,5950.033425
-4,842,5967.671518
-4,830,5982.440733
-4,692,5996.568245
-5,507,6007.022004
-4,775,6021.063482
-5,779,6036.596831
-5,674,6048.221367
-5,918,6065.166071
-5,664,6079.051455
-5,521,6088.993727
-5,505,6097.728485
-5,488,6105.959505
-5,810,6123.912426
-5,551,6135.594366
-5,531,6145.99121
-5,544,6157.392221
-5,578,6167.931226
-4,704,6181.066133
-5,628,6194.312802
-5,666,6206.764519
-5,449,6214.937762
-5,755,6228.884908
-5,494,6238.633748
-5,692,6251.413949
-5,579,6262.014835
-5,922,6280.064722
-5,515,6290.092109
-5,833,6306.85578
-5,458,6317.24004
-5,594,6323.38664
-5,721,6323.956621
-5,635,6324.455184
-5,952,6325.219541
-5,586,6325.687696
-5,486,6326.082357
-5,845,6326.84701
-5,481,6327.220863
-5,381,6327.524843
-5,764,6328.125991
-5,470,6328.482106
-5,577,6328.929342
-5,856,6329.59743
-5,647,6330.086712
-5,597,6330.542724
-5,395,6330.84333
-5,953,6331.565931
-5,610,6332.026852
-5,722,6332.578372
-3,693,6333.103168
-5,501,6333.479568
-5,510,6333.873256
-5,490,6334.24588
-5,614,6334.721041
-5,839,6335.353776
-5,430,6335.688514
-5,649,6336.183101
-5,741,6336.767842
-5,1033,6337.567772
-5,508,6337.958472
-5,601,6338.426112
-5,828,6339.072798
-5,639,6339.5699
-5,530,6339.986919
-4,660,6340.486191
-5,760,6341.0789
-5,751,6341.660094
-4,573,6342.093485
-4,493,6342.471896
-5,446,6342.822636
-5,785,6343.420711
-5,457,6343.772114
-5,508,6344.162088
-5,764,6344.748245
-5,394,6345.069016
-5,655,6345.571484
-5,514,6345.974821
-5,582,6346.415149
-4,835,6347.065667
-4,671,6347.579846
-5,584,6348.023181
-5,737,6348.58385
-5,549,6349.005223
-5,742,6349.588922
-5,447,6349.951565
-4,651,6350.459899
-5,659,6350.97298
-5,646,6351.464345
-5,497,6351.854908
-5,464,6352.215975
-5,551,6352.638527
-5,421,6352.956072
-4,1012,6353.733345
-5,443,6354.078463
-5,622,6354.565758
-5,723,6355.13511
-5,811,6355.770844
-5,380,6356.16346
-5,638,6356.804706
-5,696,6357.538226
-5,650,6358.250353
-5,507,6358.798568
-5,685,6359.530118
-5,786,6360.342981
-5,625,6361.001384
-5,519,6361.567094
-4,999,6362.657448
-5,750,6363.459771
-5,530,6363.914297
-5,467,6364.269261
-5,588,6364.763548
-5,434,6365.096387
-5,505,6365.483982
-5,521,6365.894061
-5,563,6366.328643
-5,522,6366.729114
-5,784,6367.337339
-5,771,6367.943585
-5,800,6368.569905
-5,376,6368.873634
-5,651,6369.378266
-4,793,6369.993626
-5,559,6370.42764
-5,597,6370.891789
-5,465,6371.252604
-4,643,6371.760126
-5,636,6372.265196
-5,904,6372.976863
-5,688,6373.515782
-5,520,6373.92749
-5,596,6385.428848
-5,540,6396.704842
-4,973,6415.006741
-4,728,6428.545533
-5,601,6438.260468
-5,578,6451.455684
-4,683,6465.63009
-5,659,6478.048345
-5,851,6494.504715
-5,653,6507.43075
-5,555,6518.223561
-5,560,6529.606372
-4,847,6545.123639
-5,733,6558.757176
-5,890,6576.847957
-5,435,6584.970521
-4,579,6595.798222
-5,795,6611.539629
-5,411,6620.572865
-5,642,6632.68117
-5,720,6647.529397
-5,590,6658.246473
-5,530,6668.544746
-5,579,6680.108993
-5,567,6696.616598
-5,591,6708.257214
-4,722,6721.59458
-5,932,6741.635823
-5,521,6750.995956
-5,486,6759.991358
-5,700,6777.201976
-5,593,6788.648774
-5,570,6802.06036
-5,599,6819.747311
-5,503,6829.16642
-5,536,6841.339786
-5,402,6849.240631
-5,787,6864.52785
-4,775,6878.674788
-5,692,6891.977888
-5,555,6903.626396
-5,694,6916.909918
-5,653,6929.065545
-5,513,6940.774992
-5,664,6953.02759
-5,677,6966.353822
-5,487,6975.49827
-5,727,6990.642865
-5,591,7001.491353
-5,727,7014.900748
-5,406,7023.172271
-4,913,7040.922919
-5,609,7051.480958
-4,921,7070.155452
-4,765,7084.684603
-5,448,7092.672976
-5,539,7103.20676
-5,523,7113.256031
-5,694,7127.342584
-5,642,7141.124789
-5,583,7151.914378
-5,729,7165.398446
-5,433,7174.615932
-5,762,7193.742763
-5,760,7209.399881
-5,617,7222.143059
-5,726,7238.213111
-4,556,7248.02458
-5,857,7266.174739
-5,710,7279.298611
-5,634,7291.532068
-5,884,7310.558994
-5,557,7320.451189
-5,712,7334.144998
-5,484,7342.349935
-5,525,7354.121793
-5,692,7366.976995
-5,936,7386.575168
-5,548,7396.092176
-5,871,7414.022362
-5,685,7429.040362
-5,825,7445.436469
-5,462,7452.952978
-5,700,7468.091756
-5,522,7477.042356
-5,506,7486.479219
-4,598,7496.937289
-5,752,7512.515275
-5,575,7522.786857
-4,600,7533.491461
-4,541,7545.563457
-5,623,7556.457678
-5,650,7567.513822
-5,563,7578.008663
-5,603,7591.947821
-5,685,7603.840062
-5,569,7614.120989
-4,630,7626.795637
-5,944,7643.999021
-5,764,7657.282263
-4,531,7669.170166
-5,741,7682.682307
-5,582,7694.444298
-5,684,7706.985482
-3,913,7723.827602
-5,435,7731.437835
-5,511,7742.134402
-5,585,7753.206251
-5,884,7768.486108
-5,639,7781.650957
-5,566,7791.74647
-5,663,7803.494681
-4,667,7816.804845
-5,528,7826.586847
-5,503,7834.819016
-5,480,7844.237721
-5,574,7857.141798
-5,775,7871.245046
-5,731,7884.779157
-5,823,7901.699418
-4,749,7914.983002
-5,416,7922.139249
-5,414,7929.773442
-5,625,7942.763809
-5,655,7955.999975
-5,717,7968.3352
-5,572,7979.746309
-5,645,7993.386156
-5,641,8005.937639
-5,559,8019.336979
-5,396,8026.165223
-5,812,8041.633762
-5,515,8051.555311
-5,565,8062.861827
-5,712,8076.250878
-5,850,8093.615369
-3,878,8110.148725
-4,1042,8128.701301
-5,526,8139.915736
-5,693,8152.113219
-5,767,8168.297673
-5,730,8183.284321
-5,669,8195.827789
-5,606,8207.147981
-5,642,8221.324805
-5,512,8231.407341
-5,550,8240.597279
-5,681,8256.25798
-5,526,8266.802529
-5,496,8275.82329
-4,646,8288.810107
-5,613,8301.179666
-5,834,8317.661516
-5,514,8326.210137
-5,547,8338.671528
-5,585,8339.658736
-5,481,8340.023006
-4,748,8340.60463
-5,529,8341.037812
-4,628,8341.545097
-5,627,8342.037604
-5,734,8342.638491
-3,916,8343.363561
-4,1041,8344.247067
-5,797,8344.88126
-5,588,8345.343743
-5,472,8345.721944
-5,501,8346.121867
-5,885,8346.82641
-5,710,8347.397716
-5,480,8347.790383
-5,869,8348.474329
-4,599,8348.964658
-5,682,8349.508134
-5,660,8350.055582
-5,754,8350.680249
-5,508,8351.090477
-5,486,8351.475734
-5,559,8351.906253
-5,448,8352.245952
-4,786,8352.851213
-5,491,8353.249772
-5,499,8353.694648
-5,899,8354.414611
-5,607,8354.908448
-5,798,8355.540646
-5,504,8355.948878
-5,446,8356.309924
-5,471,8356.709302
-5,495,8357.108975
-5,707,8357.674336
-5,428,8358.010616
-5,742,8358.601825
-5,745,8359.194917
-5,485,8359.584991
-5,757,8360.190484
-4,835,8360.868059
-5,522,8361.284759
-5,430,8361.638998
-5,712,8362.20986
-5,801,8362.860217
-5,493,8363.251436
-5,523,8363.670544
-5,613,8364.152066
-5,719,8364.902064
-5,694,8365.607915
-3,912,8366.532954
-5,425,8366.921385
-5,804,8367.644509
-5,505,8368.186782
-5,551,8368.722055
-4,817,8369.552491
-5,595,8370.180449
-5,521,8370.716264
-5,777,8371.498649
-5,468,8371.996423
-5,774,8372.77626
-5,815,8373.595599
-5,673,8374.27598
-5,465,8374.752869
-5,556,8375.308717
-5,442,8375.766176
-5,519,8376.283112
-5,517,8376.806869
-5,668,8377.456351
-5,699,8378.143469
-5,424,8378.574207
-5,463,8379.039831
-5,556,8379.597872
-5,520,8380.120433
-5,722,8380.82792
-4,683,8381.496061
-5,608,8382.093591
-4,782,8382.871865
-5,523,8383.430582
-5,528,8383.933466
-5,491,8384.366729
-5,612,8384.902575
-5,619,8385.461096
-5,558,8385.973934
-5,691,8386.609076
-5,461,8387.009748
-5,530,8387.4724
-4,718,8388.090679
-5,479,8388.516256
-5,597,8389.046171
-5,680,8389.668241
-5,534,8390.149068
-4,642,8390.738272
-5,503,8391.167356
-5,654,8391.759165
-5,856,8392.532269
-5,721,8393.172889
-5,550,8393.680729
-4,662,8394.279786
-5,831,8410.552222
-5,555,8421.363163
-5,565,8433.23663
-5,603,8445.318622
-5,644,8456.970278
-5,571,8468.954451
-5,565,8479.918867
-5,733,8491.264109
-5,617,8501.914109
-5,464,8511.178769
-5,639,8523.405706
-5,730,8538.1448
-5,461,8547.36383
-5,509,8556.008019
-5,731,8568.937259
-5,649,8579.966243
-5,495,8590.766598
-5,580,8601.639514
-5,724,8614.223768
-5,536,8625.602037
-5,441,8633.690698
-5,515,8641.667951
-5,742,8655.142416
-5,664,8667.320305
-5,567,8678.100525
-5,532,8687.287583
-5,770,8702.43998
-5,454,8709.567583
-5,447,8717.938872
-5,519,8725.823206
-5,868,8742.381994
-5,503,8751.215253
-5,678,8764.950444
-5,609,8777.672776
-5,484,8786.20231
-5,744,8799.271692
-5,557,8810.523949
-5,842,8825.751212
-5,738,8838.251868
-5,669,8851.520047
-4,670,8864.911142
-5,402,8872.009257
-5,445,8879.576446
-3,867,8896.161983
-5,569,8905.595929
-5,596,8916.556323
-5,409,8924.741101
-5,680,8938.170418
-5,439,8945.800872
-5,795,8960.544736
-4,768,8975.01111
-5,515,8984.775084
-5,592,8994.620945
-5,497,9005.425912
-5,616,9016.580901
-5,494,9024.658384
-5,729,9040.886571
-5,551,9050.13648
-5,814,9062.778324
-5,515,9072.175446
-5,717,9086.044499
-4,940,9102.211612
-5,508,9112.315179
-5,466,9119.817251
-4,776,9133.889661
-5,475,9141.409596
-5,526,9153.28596
-5,547,9163.206546
-4,683,9175.410657
-5,792,9191.062236
-5,498,9200.302245
-5,464,9207.720716
-5,679,9219.907354
-4,768,9234.856592
-5,793,9248.686108
-5,571,9258.937753
-3,798,9275.342511
-5,622,9286.286253
-5,496,9294.773949
-5,645,9310.09722
-5,715,9322.070812
-5,485,9329.916521
-4,765,9344.629088
-5,418,9353.01619
-5,486,9361.359064
-5,410,9368.530791
-5,692,9383.261454
-5,534,9391.968099
-3,859,9406.775807
-5,513,9419.384583
-5,546,9429.557091
-5,649,9441.40018
-3,701,9453.068799
-5,582,9463.838791
-5,758,9480.019504
-5,612,9491.920773
-5,615,9503.15171
-5,727,9515.540589
-4,667,9527.658938
-5,676,9540.388525
-5,469,9548.630996
-5,727,9561.207827
-5,544,9571.536254
-5,534,9581.564807
-5,544,9591.377989
-4,701,9603.400024
-5,736,9617.938007
-5,591,9627.934785
-5,448,9635.450668
-5,545,9646.096718
-4,909,9662.285176
-5,667,9674.928929
-5,523,9685.292066
-5,508,9694.95572
-5,612,9706.494153
-5,529,9715.591961
-5,563,9726.721484
-5,540,9735.466883
-5,850,9750.61521
-5,629,9762.750587
-5,493,9771.7479
-5,672,9784.496776
-5,634,9796.550661
-5,638,9808.192704
-4,911,9823.982509
-5,721,9838.565507
-5,486,9846.664836
-5,459,9855.401839
-5,851,9871.093887
-5,488,9880.6586
-5,584,9889.508472
-4,764,9902.218535
-4,675,9915.45525
-5,557,9924.894665
-5,616,9936.133144
-5,487,9946.340108
-5,588,9956.940136
-5,765,9970.50834
-5,556,9981.578956
-5,500,9990.084528
-5,428,9998.525425
-5,621,10009.489109
-4,889,10029.050681
-5,484,10038.2609
-5,377,10045.274556
-5,804,10061.9916
-5,430,10069.671928
-5,689,10082.556131
-5,432,10090.034732
-5,752,10103.88921
-5,598,10114.410668
-5,626,10125.1458
-5,491,10134.634757
-5,849,10152.0263
-5,494,10160.462298
-5,573,10170.002821
-5,550,10180.382472
-5,799,10193.522699
-5,692,10206.183352
-5,571,10217.300262
-5,602,10227.717097
-5,550,10237.94768
-5,399,10245.708356
-4,841,10246.36616
-3,994,10247.121648
-5,471,10247.489283
-5,611,10247.951502
-5,840,10248.590295
-5,813,10249.203009
-5,659,10249.708587
-5,609,10250.166139
-5,635,10250.652878
-5,449,10250.995328
-5,933,10251.717935
-5,660,10252.215912
-4,797,10252.831939
-5,540,10253.241055
-5,680,10253.767201
-5,422,10254.087912
-5,447,10254.430396
-5,798,10255.047826
-5,628,10255.533633
-5,526,10255.938993
-4,757,10256.509611
-5,476,10256.878808
-5,504,10257.256556
-5,690,10257.795314
-5,669,10258.294322
-5,441,10258.636531
-5,588,10259.075506
-5,382,10259.362444
-5,463,10259.719769
-5,462,10260.064589
-5,577,10260.503257
-5,537,10260.917574
-5,715,10261.458804
-5,709,10262.007842
-4,1235,10262.946602
-5,779,10263.540692
-5,707,10264.084159
-5,497,10264.46401
-5,534,10264.878229
-5,475,10265.243269
-5,619,10265.718875
-5,454,10266.062594
-5,606,10266.521292
-4,997,10267.274142
-5,710,10267.814578
-5,523,10268.21018
-5,541,10268.653691
-5,681,10269.166328
-5,680,10269.6892
-5,638,10270.168247
-4,584,10270.62248
-4,1067,10271.437165
-5,560,10271.862998
-5,607,10272.314847
-5,676,10272.825267
-5,553,10273.238471
-5,410,10273.554204
-5,686,10274.086172
-4,510,10274.483272
-4,918,10275.180211
-5,597,10275.635772
-5,363,10275.9102
-5,510,10276.295112
-5,651,10276.788427
-5,521,10277.175724
-5,438,10277.505419
-5,559,10277.934342
-5,631,10278.40827
-5,493,10278.790601
-5,564,10279.213699
-5,571,10279.649659
-5,531,10280.051447
-5,451,10280.423651
-5,709,10280.96532
-5,450,10281.304412
-5,683,10281.822386
-5,614,10282.282279
-5,696,10282.81667
-5,574,10283.250547
-5,634,10283.732375
-4,514,10284.134292
-5,643,10284.620503
-5,563,10285.043959
-5,603,10285.503548
-5,547,10285.917121
-4,778,10286.493972
-5,572,10286.937999
-5,639,10287.417187
-5,534,10287.828098
-4,1052,10288.626457
-5,496,10289.004635
-5,683,10289.526506
-5,523,10289.931254
-5,545,10290.342704
-4,816,10290.95689
-5,514,10291.347511
-5,743,10291.916999
-5,598,10292.362777
-5,557,10292.788876
-5,615,10304.149194
-5,408,10311.462034
-5,473,10319.487651
-5,528,10328.82233
-4,848,10345.746911
-5,1119,10365.013933
-5,492,10375.780707
-5,637,10386.648003
-4,941,10403.258007
-5,1002,10423.241307
-5,709,10435.361434
-5,603,10449.392393
-5,470,10457.230829
-5,698,10469.780867
-5,665,10481.127331
-5,823,10497.381544
-4,638,10508.650439
-4,918,10526.194047
-5,699,10536.963736
-5,604,10548.530861
-4,548,10559.03832
-5,496,10566.782828
-5,483,10575.780059
-4,599,10586.265447
-5,585,10600.812929
-5,662,10612.260838
-5,825,10626.732509
-4,719,10641.453669
-5,599,10652.090988
-5,452,10660.240009
-5,515,10669.734775
-5,414,10679.816009
-5,568,10690.368595
-5,821,10705.241826
-5,436,10714.863697
-3,755,10728.705179
-5,604,10739.631622
-4,816,10754.76604
-5,587,10765.02934
-5,788,10779.626639
-5,586,10790.91269
-4,719,10804.006923
-4,672,10816.46945
-5,719,10831.150624
-5,817,10844.640083
-5,523,10854.030559
-5,685,10866.912429
-5,672,10878.677157
-4,865,10893.844107
-5,561,10904.208881
-5,462,10913.163365
-5,397,10920.761389
-5,862,10936.964179
-4,906,10955.177878
-5,438,10965.657364
-5,487,10976.544739
-5,536,10988.259478
-5,745,11002.406066
-5,458,11010.772385
-5,721,11027.018061
-5,605,11037.380928
-5,773,11050.761592
-5,615,11061.040275
-5,695,11075.027869
-5,529,11084.307351
-5,550,11094.242226
-5,695,11107.006301
-5,530,11116.823438
-5,553,11126.553885
-5,630,11139.700159
-5,727,11152.314082
-5,669,11165.296532
-5,771,11180.759166
-5,679,11193.497795
-4,714,11206.547934
-5,566,11219.49825
-5,373,11226.920478
-5,415,11235.01748
-5,499,11244.557166
-5,655,11256.761853
-4,924,11275.070744
-5,369,11283.299831
-5,438,11291.674662
-5,468,11301.666065
-5,495,11309.748242
-4,524,11320.359105
-5,568,11330.917736
-5,706,11344.761161
-4,687,11356.587157
-5,658,11367.808119
-5,642,11381.067646
-5,795,11395.633335
-5,471,11404.860399
-5,698,11419.995735
-4,703,11430.920424
-4,661,11441.946389
-5,447,11449.503557
-5,702,11463.462217
-5,585,11474.798051
-4,640,11485.790525
-5,656,11497.432051
-5,475,11506.298614
-5,510,11514.11578
-5,747,11527.994494
-5,725,11541.871568
-5,893,11557.290955
-4,626,11569.754802
-5,534,11581.307652
-5,614,11591.939492
-5,757,11605.824841
-5,609,11617.037052
-5,452,11624.510466
-5,505,11634.483847
-5,470,11645.613969
-5,515,11655.563474
-5,666,11667.766269
-5,408,11674.803999
-5,423,11684.679038
-4,592,11694.467508
-5,976,11711.473059
-5,526,11720.69935
-5,570,11730.296818
-5,639,11741.578783
-5,685,11754.868123
-5,870,11769.903769
-5,514,11778.893335
-5,469,11788.078234
-5,653,11800.442766
-5,399,11807.42689
-5,731,11820.46028
-5,555,11830.940206
-4,574,11840.427314
-5,560,11850.189255
-4,730,11865.714563
-5,628,11878.43806
-5,674,11891.216428
-5,411,11898.486806
-5,607,11911.25231
-5,817,11926.037502
-5,605,11936.450302
-5,624,11948.033121
-5,513,11957.389519
-5,652,11970.656187
-4,674,11983.531212
-5,877,11999.102512
-5,577,12009.503628
-5,456,12017.111103
-4,719,12029.821168
-5,611,12040.366173
-4,517,12048.888154
-5,500,12058.981152
-4,686,12070.846558
-5,553,12080.825396
-5,568,12091.513098
-5,752,12106.055567
-5,522,12114.945657
-5,558,12124.505391
-5,507,12135.183277
-5,856,12149.714015
-5,662,12158.695156
-5,538,12159.112903
-5,419,12159.438253
-5,662,12159.963125
-5,464,12160.328926
-5,754,12160.926929
-5,821,12161.55647
-5,535,12161.982632
-4,1122,12162.853981
-5,613,12163.353931
-5,655,12163.913745
-5,524,12164.358038
-5,624,12164.889339
-5,423,12165.247969
-4,707,12165.856124
-5,577,12166.361851
-5,972,12167.186229
-5,506,12167.655445
-5,510,12168.086428
-5,497,12168.50033
-5,581,12168.996635
-4,987,12169.824419
-5,699,12170.425692
-5,402,12170.744326
-4,700,12171.281144
-5,625,12171.764088
-5,601,12172.228566
-5,521,12172.640008
-5,553,12173.080904
-5,657,12173.590981
-5,445,12173.956513
-5,495,12174.370867
-5,579,12174.834633
-5,570,12175.275201
-5,649,12175.786869
-5,577,12176.230219
-5,753,12176.810575
-4,784,12177.406598
-5,585,12177.856672
-5,655,12178.35983
-5,520,12178.762777
-4,691,12179.306876
-5,697,12179.856963
-4,787,12180.455863
-4,771,12181.053519
-5,759,12181.634944
-5,541,12182.048068
-5,825,12182.681271
-5,420,12182.999815
-5,420,12183.319093
-5,745,12183.886187
-5,516,12184.278578
-5,731,12184.834446
-5,642,12185.32744
-5,511,12185.722026
-5,580,12186.209247
-5,667,12186.720699
-4,728,12187.272243
-5,730,12187.825621
-5,701,12188.361008
-5,564,12188.81459
-5,500,12189.202414
-5,589,12189.651853
-5,607,12190.12727
-5,672,12190.639498
-5,677,12191.158124
-5,612,12191.631083
-5,508,12192.014706
-5,561,12192.439596
-5,682,12192.960171
-5,452,12193.301762
-5,572,12193.738752
-4,593,12194.187603
-5,815,12194.820861
-4,471,12195.181987
-5,890,12195.863579
-3,894,12196.543449
-4,639,12197.031652
-4,616,12197.504724
-5,981,12198.254473
-5,951,12198.977228
-5,542,12199.392904
-4,1116,12200.257455
-5,648,12200.755447
-5,447,12201.102413
-5,703,12201.642552
-5,820,12202.263696
-5,654,12202.770386
-5,499,12203.18249
-5,577,12203.640943
-5,494,12204.022362
-5,967,12204.762571
-5,730,12205.329673
-5,773,12205.927553
-5,746,12206.491477
-5,598,12206.956095
-5,594,12207.405596
-5,520,12207.801537
-5,449,12208.141104
-5,474,12208.497075
-5,438,12218.296972
-5,643,12229.248817
-3,712,12242.481759
-5,593,12252.450548
-5,555,12263.881653
-4,679,12275.787628
-5,584,12286.298087
-5,884,12303.728682
-4,808,12318.273072
-4,684,12332.99191
-4,821,12347.200715
-5,540,12356.364968
-5,518,12365.576733
-4,709,12379.555578
-5,717,12392.081076
-5,696,12404.696194
-5,589,12415.775819
-5,477,12424.980737
-4,950,12441.781863
-5,746,12456.621485
-5,497,12465.136336
-5,579,12474.608899
-5,741,12490.186079
-5,536,12499.904614
-5,535,12508.520023
-5,517,12516.993268
-5,563,12528.037128
-5,571,12538.151025
-5,699,12551.037606
-5,661,12563.262028
-4,739,12575.203165
-5,789,12589.405756
-4,495,12598.524625
-5,483,12605.865933
-5,578,12615.499786
-5,814,12631.573895
-5,480,12642.159383
-5,479,12649.673782
-5,725,12662.425693
-5,601,12674.679775
-5,890,12689.220994
-5,692,12701.42895
-5,512,12711.654466
-5,491,12720.133204
-5,515,12730.031367
-5,505,12738.520344
-5,533,12749.782296
-5,758,12763.110121
-5,538,12772.22045
-5,474,12781.389282
-5,543,12790.651211
-5,737,12803.758598
-5,652,12815.949535
-4,604,12827.718213
-4,745,12840.816168
-5,521,12850.728771
-5,520,12860.271177
-5,624,12871.534878
-5,661,12883.64814
-5,439,12893.332568
-4,873,12908.537434
-5,683,12921.724632
-5,700,12935.446469
-5,571,12945.181747
-5,485,12953.830043
-5,413,12961.568768
-5,621,12974.159944
-5,453,12981.673262
-5,396,12989.096708
-5,546,12997.770666
-5,766,13014.137203
-5,679,13025.814185
-5,481,13034.208824
-5,449,13044.072259
-4,679,13055.038914
-5,680,13066.952341
-5,584,13077.170461
-5,894,13095.896097
-4,747,13109.384089
-5,559,13120.594984
-5,396,13127.287205
-5,541,13137.683385
-5,463,13145.932626
-5,537,13153.980064
-3,762,13170.094763
-5,556,13179.723065
-4,891,13196.609521
-4,746,13209.153309
-5,742,13221.788041
-5,547,13233.092657
-5,591,13243.34703
-5,517,13252.282017
-5,516,13261.991196
-5,719,13276.189337
-5,677,13289.718357
-5,666,13300.929793
-5,597,13313.829408
-5,699,13326.003099
-5,774,13338.71785
-5,779,13354.102581
-5,640,13365.545266
-5,638,13377.833977
-3,763,13393.242997
-4,697,13404.486882
-4,724,13417.542636
-5,739,13434.163715
-5,751,13446.99598
-5,659,13458.542675
-5,555,13470.45744
-4,1047,13487.991473
-5,805,13505.429817
-5,567,13514.870167
-4,691,13526.822548
-5,653,13539.373256
-5,559,13548.850535
-4,669,13560.271319
-5,654,13573.809364
-5,525,13581.975428
-5,724,13594.729988
-5,516,13603.178337
-5,617,13615.987067
-4,563,13626.230198
-5,612,13637.185563
-5,561,13648.361093
-5,631,13660.280671
-5,554,13669.735099
-5,715,13682.111855
-5,619,13696.326948
-5,573,13705.846082
-5,520,13714.97408
-5,523,13726.109766
-5,580,13736.562373
-5,418,13743.126085
-5,496,13752.308934
-4,557,13765.323184
-5,529,13774.717409
-5,551,13783.886455
-5,672,13795.773563
-5,567,13808.518631
-5,653,13820.078338
-5,442,13828.516381
-5,658,13841.761568
-5,562,13851.336245
-5,642,13863.532427
-5,699,13876.996197
-5,647,13889.881001
-5,586,13900.526331
-5,502,13909.242328
-5,493,13919.957103
-5,490,13928.560823
-5,802,13942.851701
-5,751,13958.339742
-5,748,13971.415602
-5,463,13979.343522
-5,567,13989.343365
-4,1023,14008.654624
-5,636,14019.614537
-5,431,14027.502009
-5,569,14039.626326
-5,517,14049.116945
-5,589,14055.601879
-5,550,14056.032754
-5,530,14056.437032
-5,477,14056.804485
-5,402,14057.116574
-5,693,14057.634709
-5,1048,14058.426099
-5,698,14058.954313
-5,694,14059.475749
-5,698,14060.01292
-5,440,14060.352952
-5,475,14060.717237
-5,564,14061.148458
-5,405,14061.455082
-5,585,14061.901976
-5,651,14062.389819
-5,725,14062.93552
-5,568,14063.371388
-5,654,14063.882303
-5,594,14064.33265
-5,895,14065.008066
-5,413,14065.321611
-5,654,14065.815854
-5,674,14066.316339
-5,863,14066.97104
-4,710,14067.520708
-5,575,14067.971884
-5,600,14068.423103
-5,722,14068.971709
-4,857,14069.617216
-4,774,14070.209913
-5,634,14070.700677
-5,527,14071.108622
-5,660,14071.618212
-5,659,14072.122081
-5,756,14072.692068
-5,495,14073.066551
-5,562,14073.50263
-5,622,14073.981841
-5,1020,14074.79569
-5,468,14075.182259
-5,475,14075.536065
-5,623,14076.009261
-5,530,14076.411325
-5,550,14076.838816
-5,608,14077.29978
-5,531,14077.704775
-4,645,14078.191332
-5,851,14078.838421
-5,705,14079.370316
-5,461,14079.721949
-4,873,14080.38656
-4,851,14081.029231
-5,547,14081.455238
-5,483,14081.836456
-5,788,14082.43047
-5,977,14083.172018
-5,572,14083.597178
-5,488,14083.975958
-5,731,14084.523387
-5,509,14084.920767
-5,657,14085.409364
-5,560,14085.830505
-4,841,14086.482713
-5,431,14086.814003
-5,504,14087.197049
-5,632,14087.67048
-5,485,14088.043261
-4,678,14088.550893
-5,510,14088.939417
-5,467,14089.291147
-5,476,14089.65626
-5,733,14090.218589
-5,715,14090.754346
-5,702,14091.281352
-5,684,14091.804666
-5,866,14092.454404
-5,481,14092.818404
-5,638,14093.298911
-5,461,14093.645963
-5,536,14094.05091
-5,516,14094.433827
-5,742,14095.003557
-5,595,14095.448688
-5,604,14095.906427
-4,624,14096.375269
-5,506,14096.764421
-5,562,14097.191758
-5,460,14097.536758
-5,565,14097.969321
-5,601,14098.421576
-5,665,14098.929302
-5,450,14099.26269
-5,439,14099.591456
-5,545,14100.005935
-5,774,14100.579276
-5,470,14100.936536
-5,534,14101.339104
-5,562,14101.770552
-5,603,14102.236456
-5,681,14113.320091
-5,482,14124.917966
-5,517,14134.097368
-5,554,14144.494323
-4,983,14162.679134
-5,550,14173.096626
-5,606,14182.777746
-5,667,14195.49203
-4,610,14207.195955
-5,667,14217.768524
-5,766,14232.726733
-5,559,14242.833208
-5,614,14253.058378
-5,517,14262.396484
-5,694,14275.497195
-5,618,14286.014901
-5,586,14297.233139
-5,644,14309.389811
-2,892,14325.044776
-5,470,14334.270941
-5,569,14345.370534
-5,864,14361.148651
-5,661,14372.599063
-4,670,14386.034137
-4,709,14397.654118
-5,422,14405.022655
-5,495,14413.86631
-5,683,14426.460275
-3,864,14441.67046
-5,1096,14462.202398
-5,549,14472.02889
-4,969,14489.56459
-5,489,14499.539608
-5,457,14508.14756
-5,538,14517.606704
-5,844,14534.493619
-5,681,14545.700759
-5,790,14560.334252
-5,539,14571.130701
-4,990,14589.279113
-5,594,14600.555618
-5,459,14610.225891
-5,755,14623.439898
-5,686,14634.794276
-5,517,14644.712942
-5,548,14654.673257
-5,685,14666.177157
-5,468,14674.088863
-5,593,14687.634758
-4,566,14696.976475
-5,737,14710.339782
-5,655,14722.886897
-5,551,14731.786901
-5,694,14742.934006
-5,566,14755.204696
-5,635,14766.204433
-5,508,14774.103071
-5,882,14792.163919
-5,760,14805.529069
-5,673,14817.490404
-5,540,14826.656767
-5,691,14840.437793
-5,669,14852.64922
-5,761,14868.185239
-5,658,14879.539524
-5,564,14888.780955
-5,535,14899.666105
-5,748,14913.163309
-5,592,14923.833107
-5,454,14931.822818
-5,655,14944.396653
-5,510,14953.483401
-4,862,14969.30793
-5,654,14982.444314
-5,555,14991.808525
-5,468,15000.106412
-5,451,15007.772846
-5,859,15024.487028
-5,438,15031.586873
-5,601,15041.985211
-5,778,15056.864494
-5,525,15065.800942
-3,733,15078.822707
-5,526,15087.719576
-4,767,15103.270145
-5,704,15115.598549
-5,578,15125.652025
-5,586,15137.415915
-5,731,15150.694382
-5,578,15160.154624
-5,644,15173.039533
-5,581,15182.999061
-5,666,15194.521181
-5,627,15205.839334
-5,536,15215.50349
-5,645,15227.320392
-5,550,15237.811511
-5,389,15245.657157
-5,581,15257.544978
-4,841,15270.775846
-5,643,15284.892734
-4,871,15300.085162
-5,660,15312.646342
-5,457,15321.487484
-5,777,15335.717151
-4,924,15351.084524
-5,568,15362.291257
-5,616,15373.564206
-4,655,15384.627878
-5,642,15396.115666
-5,587,15407.273154
-5,409,15414.03999
-5,537,15423.68801
-5,703,15437.470578
-4,758,15450.542329
-5,509,15460.932706
-5,555,15470.226891
-4,743,15483.982492
-4,777,15497.845618
-4,881,15515.254395
-5,517,15525.120857
-5,583,15535.776807
-5,493,15545.622572
-5,550,15556.364167
-5,577,15566.152307
-5,490,15574.986034
-5,647,15587.789928
-5,486,15595.94217
-5,563,15607.160515
-5,630,15620.124774
-5,612,15630.462157
-5,699,15642.520512
-5,620,15653.548858
-5,921,15673.697968
-4,635,15684.190823
-5,668,15698.024282
-5,567,15707.049
-4,616,15718.542192
-5,583,15727.388949
-5,595,15740.386133
-4,848,15755.109999
-5,491,15763.896751
-5,608,15775.997344
-5,531,15786.416931
-5,594,15797.38224
-5,693,15810.775109
-5,560,15820.150109
-5,529,15829.604698
-5,874,15844.60441
-5,483,15854.175101
-5,935,15870.281686
-5,547,15879.597152
-5,503,15889.459687
-5,655,15901.822381
-5,538,15910.829026
-3,795,15928.105438
-5,513,15939.619264
-5,844,15940.278406
-5,600,15940.74466
-5,595,15941.230858
-5,809,15941.911541
-5,989,15942.816392
-5,915,15943.649686
-5,489,15944.2124
-5,464,15944.655576
-5,448,15945.135057
-5,624,15945.953857
-5,661,15946.678607
-5,693,15947.300549
-5,454,15947.738477
-5,604,15948.300323
-5,499,15948.701258
-5,622,15949.306451
-5,442,15949.704227
-4,574,15950.255089
-5,629,15950.845216
-5,578,15951.306082
-4,567,15951.752835
-5,975,15952.564052
-5,459,15952.944574
-5,600,15953.479659
-5,676,15954.028872
-4,836,15954.843275
-5,642,15955.452984
-5,646,15956.005049
-5,796,15956.818028
-5,497,15957.364442
-5,663,15957.919615
-5,549,15958.348181
-5,561,15958.802691
-5,426,15959.137323
-4,775,15959.761045
-5,506,15960.147633
-5,483,15960.535239
-5,507,15960.937923
-5,570,15961.38608
-5,850,15962.055099
-5,513,15962.443018
-5,767,15963.052405
-5,454,15963.420169
-4,841,15964.078261
-5,573,15964.513718
-5,700,15965.248486
-5,703,15965.988182
-5,469,15966.382394
-4,515,15966.791746
-5,578,15967.243587
-5,548,15967.678962
-5,529,15968.089651
-5,906,15968.775519
-5,537,15969.183501
-5,620,15969.65559
-5,515,15970.05258
-5,524,15970.480553
-5,403,15970.934301
-5,639,15971.610031
-5,625,15972.272297
-5,433,15972.709124
-4,609,15973.267622
-5,855,15973.960403
-5,768,15974.563036
-5,608,15975.030511
-5,662,15975.538265
-4,519,15975.937687
-5,460,15976.286784
-5,702,15976.829585
-5,594,15977.284249
-5,541,15977.69457
-5,555,15978.12668
-5,726,15978.679804
-5,752,15979.252971
-4,622,15979.728752
-5,449,15980.09719
-5,722,15980.681357
-5,855,15981.337996
-5,555,15981.769675
-4,618,15982.263793
-4,773,15982.859956
-5,478,15983.222762
-4,711,15983.768818
-4,642,15984.255286
-5,797,15984.868001
-5,566,15985.295438
-5,601,15985.75479
-5,474,15986.122059
-5,563,15986.563986
-5,536,15986.975776
-5,599,15987.434978
-4,688,15987.971101
-4,744,15988.53783
-5,527,15988.942586
-5,571,15989.376045
-5,773,15989.96997
-5,688,15990.506001
-5,567,15990.942124
-5,732,15991.499613
-5,509,15999.92622
-5,613,16013.637402
-5,525,16022.98371
-4,808,16038.647479
-4,780,16057.651592
-5,807,16071.084915
-5,669,16083.001359
-5,462,16090.258493
-5,599,16104.007927
-5,713,16116.219527
-5,604,16127.069499
-5,980,16147.038589
-5,570,16157.488286
-5,580,16166.900289
-5,682,16179.376884
-5,452,16187.852539
-5,483,16195.994392
-5,519,16204.642522
-5,522,16215.363415
-5,465,16223.986988
-5,583,16234.128415
-5,469,16242.194789
-5,565,16253.905726
-5,492,16263.363983
-5,444,16272.105672
-5,623,16284.799855
-5,545,16295.473765
-5,736,16309.756441
-5,473,16319.002857
-5,759,16336.070672
-5,532,16346.312388
-5,671,16359.031093
-5,656,16372.21863
-5,714,16384.910072
-5,774,16398.870384
-5,591,16411.153238
-5,576,16420.890381
-5,598,16431.587904
-5,559,16444.378814
-5,687,16456.023525
-5,673,16467.445049
-5,541,16477.046062
-5,429,16486.236211
-5,556,16496.010656
-5,712,16507.693803
-5,724,16520.95978
-5,435,16529.086674
-4,605,16539.984315
-5,758,16555.772077
-5,532,16566.360839
-5,528,16575.309543
-5,484,16584.723166
-4,941,16602.837643
-5,644,16614.537287
-5,505,16623.5744
-5,705,16635.737221
-5,419,16644.050517
-4,659,16654.962703
-5,549,16664.983158
-5,493,16675.331066
-5,717,16687.408937
-5,773,16701.472109
-5,389,16709.484092
-5,532,16718.736735
-5,748,16732.391891
-5,803,16747.808955
-5,527,16757.148775
-4,907,16774.255357
-5,526,16785.186476
-4,602,16796.402165
-5,472,16804.487379
-5,377,16811.01475
-5,517,16821.614352
-4,731,16833.71396
-5,428,16840.727308
-5,639,16851.942273
-5,699,16866.140156
-5,506,16874.812222
-5,711,16887.068388
-5,460,16896.850169
-5,573,16906.62849
-5,877,16922.965269
-5,706,16937.0254
-5,663,16949.036451
-5,581,16959.175688
-5,723,16973.311324
-5,738,16985.194117
-4,499,16993.625827
-4,815,17007.640844
-5,724,17019.788192
-5,458,17028.554229
-5,921,17047.966869
-5,831,17067.866822
-5,603,17079.794856
-4,628,17094.885346
-5,396,17103.604755
-5,506,17115.23496
-5,516,17126.466665
-5,490,17139.423035
-5,505,17149.80261
-5,677,17164.176495
-2,997,17186.684958
-5,593,17199.877094
-5,506,17210.518595
-5,706,17225.931014
-5,726,17247.46365
-5,679,17264.708585
-5,726,17276.274754
-5,513,17280.420941
-5,676,17285.692426
-4,857,17294.480559
-4,660,17299.7806
-5,555,17304.286328
-5,575,17309.320513
-3,863,17318.341299
-5,667,17324.413751
-5,401,17327.700094
-5,645,17336.450478
-4,873,17343.49367
-4,475,17347.734679
-5,814,17359.184543
-5,481,17363.044081
-5,709,17371.699649
-5,658,17379.795336
-5,389,17383.098827
-5,595,17388.437701
-5,773,17396.745691
-5,822,17405.810758
-5,684,17414.273521
-4,793,17423.728974
-5,733,17432.636847
-4,583,17437.271539
-4,728,17445.835087
-5,415,17449.24702
-4,688,17456.457936
-5,659,17461.883635
-5,763,17471.87093
-5,660,17478.116825
-5,551,17485.440506
-5,568,17492.995265
-5,382,17496.958752
-5,377,17500.260182
-5,465,17504.739527
-5,570,17512.778428
-5,634,17518.661853
-5,638,17524.38733
-4,893,17534.798289
-5,423,17538.807676
-5,525,17543.653164
-5,533,17550.232597
-4,695,17559.294732
-5,678,17567.254616
-5,677,17574.537675
-5,406,17582.7413
-5,786,17589.449394
-5,520,17594.857809
-5,692,17603.610528
-5,608,17608.388169
-5,599,17614.088549
-4,913,17624.833905
-5,513,17629.130066
-5,557,17629.54517
-5,387,17629.839024
-5,471,17630.189242
-5,559,17630.607413
-5,574,17631.044016
-5,559,17631.474284
-5,601,17631.938426
-5,675,17632.442061
-5,563,17632.872337
-5,492,17633.240416
-5,595,17633.68895
-5,491,17634.060498
-5,378,17634.341721
-5,817,17634.983657
-5,639,17635.526531
-5,599,17636.111708
-5,608,17636.720839
-5,650,17637.238223
-5,767,17637.943306
-5,421,17638.319465
-5,549,17638.726278
-5,662,17639.231081
-5,753,17639.809239
-5,833,17640.432104
-5,498,17640.823703
-5,635,17641.299149
-5,610,17641.7675
-5,577,17642.202116
-5,707,17642.731804
-5,525,17643.131863
-5,806,17643.733267
-5,853,17644.373126
-5,902,17645.053798
-5,488,17645.414178
-5,659,17645.909591
-5,524,17646.316861
-5,766,17646.906766
-4,613,17647.379974
-5,687,17647.921175
-5,713,17648.467148
-5,624,17648.939394
-5,809,17649.538067
-5,609,17649.999144
-5,506,17650.377101
-5,533,17650.785395
-5,473,17651.138594
-5,566,17651.561929
-5,525,17651.96446
-5,529,17652.35807
-5,703,17652.886555
-5,518,17653.278917
-5,619,17653.740738
-5,389,17654.037863
-4,785,17654.627395
-5,534,17655.030503
-5,473,17655.385578
-5,535,17655.788269
-5,537,17656.186636
-4,726,17656.722613
-5,614,17657.188655
-5,691,17657.704567
-4,758,17658.280749
-5,560,17658.70317
-5,470,17659.065131
-4,540,17659.473618
-5,522,17659.8754
-5,712,17660.41339
-5,475,17660.777759
-5,597,17661.221323
-5,696,17661.74292
-5,567,17662.177362
-5,423,17662.492237
-5,638,17662.972491
-5,625,17663.439719
-5,741,17664.004993
-5,607,17664.458688
-5,732,17665.011643
-4,701,17665.536994
-5,551,17665.955664
-5,595,17666.395649
-5,515,17666.787868
-4,627,17667.263182
-5,676,17667.772853
-5,421,17668.08842
-4,815,17668.706991
-5,472,17669.080194
-4,736,17669.639651
-5,436,17669.976025
-5,887,17670.642222
-4,1065,17671.43607
-5,782,17672.035474
-5,555,17672.452406
-5,647,17672.941441
-5,532,17673.339592
-5,631,17673.817964
-5,692,17674.353981
-5,514,17674.762646
-5,619,17675.245707
-5,846,17675.951205
-4,591,17680.929591
-5,823,17689.516019
-4,830,17698.436192
-5,568,17703.190729
-5,469,17708.165831
-4,691,17716.300315
-4,619,17721.870359
-5,388,17726.515504
-5,481,17730.383021
-5,605,17737.357365
-5,570,17743.280456
-3,1371,17757.754678
-5,594,17764.805908
-5,591,17770.078645
-5,527,17778.275881
-4,863,17824.744037
-5,622,17851.642917
-4,586,17972.48069
-3,738,17986.713947
-5,851,18020.236907
-5,728,18035.29165
-5,748,18056.004534
-5,729,18079.341841
-5,470,18094.65258
-5,671,18133.69129
-5,710,18176.269445
-5,471,18197.98584
-4,562,18240.598392
-5,719,18248.074732
-5,650,18264.693121
-5,568,18281.280537
-5,564,18299.200503
-4,754,18337.934504
-5,759,18385.099824
-5,458,18407.258242
-5,479,18437.636929
-5,506,18445.344628
-5,803,18520.024674
-4,603,18591.127232
-4,587,18631.633949
-4,555,18656.323377
-5,885,18717.399756
-5,678,18769.264988
-5,448,18783.51311
-5,645,18793.654272
-5,522,18817.29024
-5,418,18832.910076
-5,513,18897.482246
-5,680,18931.42188
-5,1111,18963.347929
-5,491,18995.262793
-5,501,19011.622207
-5,731,19040.812636
-5,630,19052.977165
-5,646,19080.84413
-5,491,19108.919566
-5,578,19134.159781
-5,490,19177.120684
-5,569,19215.306456
-5,1212,19295.883253
-5,721,19353.291652
-5,462,19425.950589
-5,595,19434.291851
-5,523,19468.376863
-5,943,19524.230052
-5,770,19575.154506
-5,630,19603.130898
-5,430,19616.346714
-4,838,19682.000762
-5,698,19705.858041
-4,693,19747.377983
-5,617,19769.451997
-4,763,19785.002452
-5,466,19805.557559
-4,686,19826.122628
-4,800,19838.906737
-5,826,19880.039177
-5,536,19897.085176
-5,526,19938.765969
-5,450,19972.273746
-5,626,20024.942684
-5,621,20040.865069
-5,710,20081.76917
-5,625,20112.86949
-5,496,20160.453132
-5,561,20209.524323
-4,764,20233.153411
-5,531,20262.79511
-5,624,20287.169104
-5,475,20303.169436
-5,959,20318.185084
-5,519,20342.121289
-4,616,20366.726149
-5,960,20405.655788
-5,407,20421.685631
-5,476,20434.426415
-5,403,20446.506424
-5,723,20471.549839
-5,721,20494.149974
-5,482,20520.552423
-5,681,20548.486841
-5,617,20569.790981
-5,503,20591.949075
-5,631,20662.834999
-5,596,20699.672257
-5,478,20707.701195
-5,571,20712.749862
-5,731,20722.33108
-5,605,20744.859273
-5,442,20749.322559
-5,903,20759.712758
-5,594,20805.171991
-5,557,20815.849653
-5,799,20837.942943
-5,796,20863.201593
-5,563,20886.731415
-5,831,20901.945109
-5,849,20920.552299
-5,528,20942.792228
-5,855,20960.408232
-4,799,20980.917037
-5,450,20987.806395
-5,684,21003.651384
-5,589,21012.215805
-5,440,21023.366382
-5,504,21037.132593
-5,545,21051.066487
-4,696,21062.204932
-5,428,21068.266795
-5,907,21105.62244
-5,442,21117.889904
-5,579,21130.488947
-4,804,21144.380632
-5,641,21165.38835
-5,728,21186.012842
-5,558,21199.527935
-5,557,21206.76325
-5,673,21221.567088
-5,525,21248.374287
-4,779,21283.593932
-5,487,21291.73162
-5,499,21297.109307
-5,711,21315.719835
-4,565,21353.864204
-5,434,21374.500544
-5,875,21406.271962
-5,813,21426.196841
-5,622,21442.4222
-5,531,21450.587076
-5,470,21472.609743
-5,467,21485.734429
-5,579,21502.686173
-5,563,21533.921101
-5,665,21570.445116
-5,485,21577.6143
-4,887,21603.331662
-4,569,21624.037883
-5,628,21637.981964
-5,451,21638.364417
-5,953,21639.166493
-5,415,21639.517962
-5,454,21639.899561
-5,534,21640.346537
-5,700,21640.936159
-4,1075,21641.832216
-5,704,21642.435327
-5,679,21643.00511
-4,630,21643.540417
-5,751,21644.172391
-5,468,21644.559245
-5,624,21645.100169
-5,711,21645.690244
-5,602,21646.202739
-5,587,21646.697237
-5,523,21647.148003
-5,439,21647.516046
-4,682,21648.102209
-4,853,21648.818774
-5,497,21649.238469
-5,517,21649.667512
-5,783,21650.324924
-5,436,21650.686757
-5,677,21651.275652
-5,818,21652.028734
-5,522,21652.473091
-4,603,21652.993114
-5,935,21653.773439
-5,632,21654.275837
-5,659,21654.782465
-5,915,21655.484149
-5,596,21655.941805
-3,658,21656.438184
-5,435,21656.770524
-5,655,21657.273124
-5,443,21657.606844
-5,493,21657.985597
-5,409,21658.296798
-5,713,21658.85604
-5,833,21659.499796
-4,755,21660.072627
-5,695,21660.612289
-5,797,21661.229404
-5,723,21661.802088
-5,755,21662.440141
-5,895,21663.125189
-4,795,21663.719153
-4,675,21664.238583
-3,743,21664.805833
-5,933,21665.519881
-5,522,21665.918823
-5,709,21666.454687
-5,563,21666.894134
-5,533,21667.299747
-5,583,21667.738653
-4,772,21668.329187
-5,477,21668.689711
-5,445,21669.034932
-5,455,21669.378787
-5,658,21669.882138
-5,542,21670.289025
-4,698,21670.815121
-5,838,21671.481336
-5,406,21671.792372
-5,766,21672.380961
-4,635,21672.856136
-5,580,21673.307876
-4,742,21673.895065
-5,669,21674.419823
-5,677,21674.976159
-5,620,21675.475264
-5,551,21675.910476
-5,521,21676.316239
-5,960,21677.063216
-5,751,21677.650301
-5,653,21678.168768
-5,527,21678.60655
-5,502,21679.009838
-5,407,21679.323964
-5,706,21679.869922
-5,484,21680.242902
-5,512,21680.626189
-5,570,21681.058248
-5,668,21681.560181
-5,421,21681.883797
-4,649,21682.381691
-5,578,21682.818028
-5,478,21683.182992
-5,461,21683.533823
-5,653,21684.071236
-5,602,21684.530665
-5,795,21685.135724
-5,491,21685.5124
-4,908,21686.232106
-5,552,21686.659583
-3,619,21687.13706
-5,567,21687.581949
-4,766,21688.172549
-5,491,21721.044759
-5,597,21783.608797
-4,877,21815.66809
-5,631,21854.249896
-4,705,21903.094544
-5,485,21937.758802
-4,775,21966.457648
-5,549,21970.868887
-5,662,21995.475348
-5,511,22007.757856
-5,608,22033.269099
-5,435,22049.816097
-4,631,22061.309397
-4,850,22086.960968
-4,531,22122.453094
-5,600,22142.565323
-5,810,22161.298431
-4,928,22181.925348
-5,768,22211.722755
-5,679,22231.27276
-3,791,22265.291905
-5,499,22276.184362
-5,574,22286.445392
-5,579,22310.800595
-5,823,22328.54949
-5,472,22341.30799
-5,664,22360.118531
-5,652,22381.563085
-3,1163,22408.365852
-5,915,22435.617947
-5,504,22459.30839
-5,594,22487.899289
-5,485,22503.483552
-5,472,22527.26704
-5,555,22536.624629
-5,570,22546.030959
-5,534,22571.013516
-5,609,22594.170479
-5,571,22602.784449
-5,841,22613.402929
-5,545,22644.348135
-5,466,22663.74546
-5,391,22676.257436
-5,697,22694.014755
-5,484,22703.18921
-5,547,22716.431419
-5,613,22741.214767
-5,641,22746.505283
-5,677,22766.035764
-5,786,22800.113192
-5,620,22824.012659
-4,675,22834.409771
-5,460,22846.350183
-5,641,22871.146206
-5,558,22888.581306
-5,610,22907.07243
-5,532,22920.61965
-5,418,22932.39734
-5,568,22942.239513
-5,824,22963.265771
-5,980,22984.255596
-5,455,22992.779782
-5,601,23006.675966
-5,589,23021.824512
-4,614,23029.581678
-5,585,23035.101634
-5,605,23044.693816
-5,549,23049.240545
-5,562,23056.246611
-5,739,23063.307003
-4,798,23070.761858
-5,399,23075.778589
-4,822,23084.318427
-5,423,23088.013277
-5,543,23094.979735
-5,657,23101.842538
-5,461,23106.592451
-5,516,23111.751695
-5,400,23117.608206
-5,546,23121.939391
-5,731,23129.731125
-5,513,23134.126315
-5,572,23141.787986
-4,657,23148.748518
-5,587,23154.654581
-5,977,23166.791381
-5,620,23171.94643
-5,476,23176.08885
-3,751,23186.417028
-3,944,23195.277385
-5,962,23209.109284
-5,468,23216.647547
-5,765,23223.720092
-4,764,23232.219378
-5,666,23238.374183
-5,747,23244.624945
-5,600,23252.696571
-5,464,23256.677389
-5,499,23261.267483
-5,623,23281.90189
-5,479,23294.145812
-5,510,23302.025807
-5,425,23306.628166
-4,630,23318.564647
-4,737,23328.349416
-5,942,23342.679989
-5,503,23349.417696
-5,474,23355.511675
-5,463,23361.761394
-5,582,23366.415252
-5,619,23375.882578
-5,881,23386.791919
-5,607,23393.550452
-5,728,23402.773091
-5,509,23407.12547
-5,670,23413.127704
-5,658,23419.422815
-4,820,23428.676514
-5,866,23442.134359
-4,704,23450.786721
-5,664,23458.262312
-5,619,23463.695946
-5,658,23471.716172
-5,536,23479.213031
-5,951,23517.341031
-5,500,23550.783004
-5,492,23555.210443
-5,520,23559.35562
-5,419,23583.32822
-5,627,23610.08439
-4,676,23630.837407
-5,824,23649.360495
-5,486,23656.208781
-5,789,23668.521444
-5,743,23676.74515
-5,586,23683.97175
-5,775,23693.021735
-5,721,23699.483145
-5,664,23715.71384
-5,695,23722.072336
-5,654,23735.64326
-5,428,23754.90815
-5,716,23789.682519
-5,402,23792.886296
-5,540,23797.269854
-5,670,23805.620139
-5,536,23827.274273
-5,568,23856.426534
-5,850,23866.604084
-5,668,23872.411353
-5,393,23876.274693
-5,467,23883.888676
-4,715,23893.432305
-5,841,23901.799969
-5,629,23907.600485
-5,597,23919.017942
-5,478,23923.522076
-5,595,23929.004428
-5,532,23933.671381
-5,594,23934.126627
-5,433,23934.461695
-5,672,23934.983235
-5,587,23935.434953
-4,590,23935.880718
-5,565,23936.313908
-5,898,23936.997658
-4,736,23937.564853
-5,624,23938.05002
-5,806,23938.659007
-5,441,23939.003838
-5,646,23939.492927
-4,595,23939.948827
-5,729,23940.499066
-4,946,23941.22532
-5,563,23941.65182
-4,589,23942.101619
-5,898,23942.792424
-5,473,23943.157484
-5,451,23943.496802
-5,489,23943.864889
-4,786,23944.472346
-5,631,23944.96149
-5,1100,23945.7873
-5,427,23946.122563
-5,630,23946.601651
-5,539,23947.015084
-5,953,23947.734284
-5,400,23948.050212
-5,617,23948.512389
-5,663,23949.035761
-5,622,23949.50192
-5,560,23949.927954
-5,720,23950.494542
-5,452,23950.838353
-5,649,23951.33095
-5,413,23951.641518
-5,711,23952.194972
-5,399,23952.500677
-4,728,23953.060662
-5,602,23953.521768
-5,480,23953.888842
-5,700,23954.422997
-5,539,23954.84044
-5,614,23955.31639
-5,706,23955.849103
-5,565,23956.284932
-5,542,23956.69844
-5,489,23957.075537
-5,651,23957.568652
-5,461,23957.914433
-5,420,23958.240053
-5,666,23958.746865
-5,906,23959.431995
-5,666,23959.939188
-5,704,23960.480931
-5,652,23960.977866
-5,602,23961.430559
-5,429,23961.755645
-5,836,23962.395905
-4,739,23962.964341
-4,854,23963.608929
-4,761,23964.195807
-5,432,23964.526575
-5,550,23964.949283
-5,578,23965.391362
-5,459,23965.73568
-5,745,23966.30106
-5,492,23966.671094
-5,783,23967.267115
-4,786,23967.856593
-4,1085,23968.68812
-5,715,23969.247236
-5,483,23969.616618
-4,1071,23970.429452
-5,691,23970.958202
-5,448,23971.302663
-5,663,23971.802448
-5,485,23972.180399
-4,584,23972.622565
-5,682,23973.149279
-4,750,23973.716793
-3,902,23974.411038
-5,631,23974.88535
-5,636,23975.372751
-5,694,23975.897109
-5,609,23976.361785
-5,417,23976.680999
-5,667,23977.217724
-5,489,23977.591092
-5,568,23978.096467
-5,712,23978.646325
-5,703,23979.18973
-5,707,23979.737401
-5,611,23980.210678
-4,576,23980.645194
-5,654,23981.149338
-5,659,23981.650851
-5,459,23982.006144
-5,668,23991.215737
-5,482,23995.093884
-4,694,24001.888391
-5,662,24010.127459
-5,728,24017.726319
-3,636,24023.304399
-5,727,24031.93999
-5,436,24036.00907
-4,628,24042.391477
-5,764,24051.447064
-5,572,24056.564864
-5,600,24063.074825
-5,580,24078.19418
-5,574,24085.066798
-5,487,24089.670954
-5,618,24135.144882
-5,981,24149.204889
-5,484,24163.968622
-5,732,24234.107751
-5,754,24250.941138
-5,533,24267.086549
-5,468,24323.02951
-5,393,24326.213657
-5,452,24333.174735
-5,545,24348.48976
-5,560,24425.164087
-5,595,24556.896922
-5,500,24614.780246
-5,784,24632.34962
-5,421,24636.680988
-5,786,24646.7858
-5,672,24652.815301
-5,494,24787.849321
-5,609,25070.68612
-5,697,25270.811783
-5,562,25380.228281
-5,426,25447.302713
-5,517,25563.079418
-5,673,25698.971204
-5,617,25709.829017
-5,532,25720.78858
-5,576,25728.614198
-5,711,25741.975395
-5,554,25756.136031
-5,492,25769.236856
-4,881,25779.980138
-4,922,25788.639587
-5,822,25797.326471
-5,391,25804.569633
-5,453,25808.292281
-5,590,25817.567682
-5,709,25823.961102
-4,776,25830.992251
-5,661,25838.341502
-5,704,25860.888261
-5,548,25866.410689
-5,530,25881.20838
-5,598,25885.986271
-4,567,25890.582279
-5,541,25895.412361
-5,363,25900.942294
-5,423,25908.180712
-5,677,25913.994641
-5,661,25923.761745
-5,598,25937.018877
-5,393,25940.176605
-4,806,25947.530702
-4,694,25957.446521
-5,417,25969.938019
-5,642,25975.102758
-5,633,25980.330652
-5,708,26003.207504
-5,470,26025.096374
-4,715,26034.254727
-4,553,26075.171531
-5,416,26083.466485
-4,970,26096.928792
-5,427,26110.056929
-5,835,26130.796647
-4,712,26142.048629
-5,541,26155.793155
-4,1109,26177.55374
-3,919,26189.922461
-5,560,26194.530237
-5,579,26207.07811
